{"cameraMode":{"drawMode":0,"name":"Shaded","section":"Shading Mode"},"sceneLighting":true,"audioPlay":false,"sceneViewState":{"showFog":true,"showMaterialUpdate":false,"showSkybox":true,"showFlares":true,"showImageEffects":true,"showParticleSystems":true},"in2DMode":false,"pivot":{"x":-0.2571655511856079,"y":0.07493460178375244,"z":-0.07545316219329834},"rotation":{"x":0.5911145806312561,"y":-0.050727829337120059,"z":0.037289150059223178,"w":0.8041266798973084},"size":10.057267189025879,"orthographic":false}