{"cameraMode":{"drawMode":0,"name":"Shaded","section":"Shading Mode"},"sceneLighting":true,"audioPlay":false,"sceneViewState":{"showFog":true,"showMaterialUpdate":false,"showSkybox":true,"showFlares":true,"showImageEffects":true,"showParticleSystems":true},"in2DMode":false,"pivot":{"x":-9.772696495056153,"y":10.352534294128418,"z":-8.65178394317627},"rotation":{"x":0.3725632429122925,"y":0.36866506934165957,"z":-0.16436979174613954,"w":0.8356227278709412},"size":8.883889198303223,"orthographic":false}