{"cameraMode":{"drawMode":0,"name":"Shaded","section":"Shading Mode"},"sceneLighting":true,"audioPlay":false,"sceneViewState":{"showFog":true,"showMaterialUpdate":false,"showSkybox":true,"showFlares":true,"showImageEffects":true,"showParticleSystems":true},"in2DMode":false,"pivot":{"x":-0.0209999680519104,"y":0.39500001072883608,"z":0.41499990224838259},"rotation":{"x":-0.10109680145978928,"y":0.05013177916407585,"z":-0.005082259885966778,"w":-0.9935997724533081},"size":8.417756080627442,"orthographic":true}