{"cameraMode":{"drawMode":0,"name":"Shaded","section":"Shading Mode"},"sceneLighting":true,"audioPlay":false,"sceneViewState":{"showFog":true,"showMaterialUpdate":false,"showSkybox":true,"showFlares":true,"showImageEffects":true,"showParticleSystems":true},"in2DMode":false,"pivot":{"x":-0.678779125213623,"y":0.5234203934669495,"z":-0.5223567485809326},"rotation":{"x":0.13050760328769685,"y":0.08762263506650925,"z":-0.011580189689993859,"w":0.9874998331069946},"size":3.0441529750823976,"orthographic":true}