{"cameraMode":{"drawMode":0,"name":"Shaded","section":"Shading Mode"},"sceneLighting":true,"audioPlay":false,"sceneViewState":{"showFog":true,"showMaterialUpdate":false,"showSkybox":true,"showFlares":true,"showImageEffects":true,"showParticleSystems":true},"in2DMode":false,"pivot":{"x":0.6671598553657532,"y":0.11902952194213867,"z":0.1837945282459259},"rotation":{"x":0.5911145806312561,"y":-0.050727829337120059,"z":0.037289150059223178,"w":0.8041266798973084},"size":4.91447114944458,"orthographic":false}