{"cameraMode":{"drawMode":0,"name":"Shaded","section":"Shading Mode"},"sceneLighting":true,"audioPlay":false,"sceneViewState":{"showFog":true,"showMaterialUpdate":false,"showSkybox":true,"showFlares":true,"showImageEffects":true,"showParticleSystems":true},"in2DMode":false,"pivot":{"x":-0.0849609375,"y":1.3211669921875,"z":2.1229248046875},"rotation":{"x":-0.08261501789093018,"y":-0.6457746028900147,"z":0.07061699777841568,"w":-0.7557533979415894},"size":4.479526042938232,"orthographic":true}