{"cameraMode":{"drawMode":0,"name":"Shaded","section":"Shading Mode"},"sceneLighting":true,"audioPlay":false,"sceneViewState":{"showFog":true,"showMaterialUpdate":false,"showSkybox":true,"showFlares":true,"showImageEffects":true,"showParticleSystems":true},"in2DMode":false,"pivot":{"x":-0.24951952695846559,"y":1.4725182056427003,"z":-0.626018762588501},"rotation":{"x":-0.5358662605285645,"y":-0.044046446681022647,"z":0.028008708730340005,"w":-0.8426878452301025},"size":-0.1419522762298584,"orthographic":false}