{"cameraMode":{"drawMode":0,"name":"Shaded","section":"Shading Mode"},"sceneLighting":true,"audioPlay":false,"sceneViewState":{"showFog":true,"showMaterialUpdate":false,"showSkybox":true,"showFlares":true,"showImageEffects":true,"showParticleSystems":true},"in2DMode":false,"pivot":{"x":-0.396484375,"y":1.08837890625,"z":1.3160400390625},"rotation":{"x":0.05556555837392807,"y":0.27868086099624636,"z":-0.016153179109096528,"w":0.9586389660835266},"size":4.536745071411133,"orthographic":true}