{"cameraMode":{"drawMode":0,"name":"Shaded","section":"Shading Mode"},"sceneLighting":true,"audioPlay":false,"sceneViewState":{"showFog":true,"showMaterialUpdate":false,"showSkybox":true,"showFlares":true,"showImageEffects":true,"showParticleSystems":true},"in2DMode":false,"pivot":{"x":-4.481434345245361,"y":-3.0265212059020998,"z":-3.2642977237701418},"rotation":{"x":-0.11650626361370087,"y":0.8613390922546387,"z":-0.22896026074886323,"w":-0.43829044699668887},"size":7.218042850494385,"orthographic":false}