{"cameraMode":{"drawMode":0,"name":"Shaded","section":"Shading Mode"},"sceneLighting":true,"audioPlay":false,"sceneViewState":{"showFog":true,"showMaterialUpdate":false,"showSkybox":true,"showFlares":true,"showImageEffects":true,"showParticleSystems":true},"in2DMode":false,"pivot":{"x":-0.0209999680519104,"y":0.39500001072883608,"z":0.41499990224838259},"rotation":{"x":0.00008237091969931498,"y":0.9860233664512634,"z":0.0005964541924186051,"w":-0.1666058897972107},"size":8.417756080627442,"orthographic":true}