{"cameraMode":{"drawMode":0,"name":"Shaded","section":"Shading Mode"},"sceneLighting":true,"audioPlay":false,"sceneViewState":{"showFog":true,"showMaterialUpdate":false,"showSkybox":true,"showFlares":true,"showImageEffects":true,"showParticleSystems":true},"in2DMode":false,"pivot":{"x":-1.2979999780654908,"y":0.12700000405311585,"z":0.21799999475479127},"rotation":{"x":0.7028443813323975,"y":0.0032009619753807785,"z":-0.0031628587748855354,"w":0.711329460144043},"size":2.1472957134246828,"orthographic":true}