{"cameraMode":{"drawMode":0,"name":"Shaded","section":"Shading Mode"},"sceneLighting":true,"audioPlay":false,"sceneViewState":{"showFog":true,"showMaterialUpdate":false,"showSkybox":true,"showFlares":true,"showImageEffects":true,"showParticleSystems":true},"in2DMode":false,"pivot":{"x":1.713381052017212,"y":0.6129240989685059,"z":-1.4097020626068116},"rotation":{"x":0.5676919221878052,"y":0.019752586260437967,"z":-0.013627954758703709,"w":0.8228912949562073},"size":6.704396724700928,"orthographic":false}