{"cameraMode":{"drawMode":0,"name":"Shaded","section":"Shading Mode"},"sceneLighting":true,"audioPlay":false,"sceneViewState":{"showFog":true,"showMaterialUpdate":false,"showSkybox":true,"showFlares":true,"showImageEffects":true,"showParticleSystems":true},"in2DMode":false,"pivot":{"x":-0.16000008583068849,"y":1.0,"z":0.4650001525878906},"rotation":{"x":0.34668850898742678,"y":0.0637950524687767,"z":-0.02365320734679699,"w":0.935509443283081},"size":22.64719581604004,"orthographic":true}