{"cameraMode":{"drawMode":0,"name":"Shaded","section":"Shading Mode"},"sceneLighting":false,"audioPlay":false,"sceneViewState":{"showFog":true,"showMaterialUpdate":false,"showSkybox":true,"showFlares":true,"showImageEffects":true,"showParticleSystems":true},"in2DMode":false,"pivot":{"x":0.3263669013977051,"y":1.5301485061645508,"z":0.49395751953125},"rotation":{"x":-0.275386244058609,"y":-0.6834936141967773,"z":0.31456258893013,"w":-0.598372220993042},"size":2.5775558948516847,"orthographic":false}