{"cameraMode":{"drawMode":0,"name":"Shaded","section":"Shading Mode"},"sceneLighting":true,"audioPlay":false,"sceneViewState":{"showFog":true,"showMaterialUpdate":false,"showSkybox":true,"showFlares":true,"showImageEffects":true,"showParticleSystems":true},"in2DMode":false,"pivot":{"x":1.0153828859329224,"y":-5.4609375,"z":0.08030572533607483},"rotation":{"x":0.3431049883365631,"y":-0.6377674341201782,"z":0.38047710061073305,"w":0.5751251578330994},"size":24.29971694946289,"orthographic":true}