{"cameraMode":{"drawMode":0,"name":"Shaded","section":"Shading Mode"},"sceneLighting":true,"audioPlay":false,"sceneViewState":{"showFog":true,"showMaterialUpdate":false,"showSkybox":true,"showFlares":true,"showImageEffects":true,"showParticleSystems":true},"in2DMode":false,"pivot":{"x":3.034832000732422,"y":-0.1337890625,"z":-5.10748291015625},"rotation":{"x":-0.11413828283548355,"y":0.8515263795852661,"z":-0.2078402191400528,"w":-0.46762990951538088},"size":7.194436550140381,"orthographic":true}