{"cameraMode":{"drawMode":0,"name":"Shaded","section":"Shading Mode"},"sceneLighting":false,"audioPlay":false,"sceneViewState":{"showFog":true,"showMaterialUpdate":false,"showSkybox":true,"showFlares":true,"showImageEffects":true,"showParticleSystems":true},"in2DMode":false,"pivot":{"x":9.270000457763672,"y":0.0,"z":0.5899999737739563},"rotation":{"x":0.23124216496944428,"y":-0.765053391456604,"z":0.4657997786998749,"w":0.37980395555496218},"size":1.1667261123657227,"orthographic":true}