{"cameraMode":{"drawMode":0,"name":"Shaded","section":"Shading Mode"},"sceneLighting":false,"audioPlay":false,"sceneViewState":{"showFog":true,"showMaterialUpdate":false,"showSkybox":true,"showFlares":true,"showImageEffects":true,"showParticleSystems":true},"in2DMode":false,"pivot":{"x":4.270552635192871,"y":0.17490628361701966,"z":3.9096570014953615},"rotation":{"x":-0.03112494759261608,"y":0.949397087097168,"z":-0.2961793839931488,"w":-0.09977056831121445},"size":3.8213963508605959,"orthographic":true}