{"cameraMode":{"drawMode":0,"name":"Shaded","section":"Shading Mode"},"sceneLighting":true,"audioPlay":false,"sceneViewState":{"showFog":true,"showMaterialUpdate":false,"showSkybox":true,"showFlares":true,"showImageEffects":true,"showParticleSystems":true},"in2DMode":false,"pivot":{"x":1.0153828859329224,"y":-5.4609375,"z":0.08030572533607483},"rotation":{"x":0.4611256420612335,"y":-0.536655843257904,"z":0.5318491458892822,"w":0.46529585123062136},"size":24.29971694946289,"orthographic":true}