{"cameraMode":{"drawMode":0,"name":"Shaded","section":"Shading Mode"},"sceneLighting":false,"audioPlay":false,"sceneViewState":{"showFog":true,"showMaterialUpdate":false,"showSkybox":true,"showFlares":true,"showImageEffects":true,"showParticleSystems":true},"in2DMode":false,"pivot":{"x":4.039999961853027,"y":1.0,"z":0.5499999523162842},"rotation":{"x":0.09321878105401993,"y":-0.9011069536209106,"z":0.24147696793079377,"w":0.3478582799434662},"size":4.492794513702393,"orthographic":false}